,Thr,Recall,Precision,F1-score,N
0,0.07,0.97381,0.877778,0.923303,1
1,0.01,0.973808,0.871966,0.920077,1
2,0.05,0.973791,0.877382,0.923076,1
3,0.21,0.973782,0.879463,0.924222,1
4,0.06,0.973781,0.877771,0.923287,1
5,0.03,0.973776,0.87638,0.922515,1
6,0.04,0.973771,0.87695,0.922828,1
7,0.1,0.973765,0.87857,0.923722,1
8,0.12,0.973757,0.878742,0.923813,1
9,0.02,0.973756,0.87539,0.921957,1
10,0.08,0.973754,0.878047,0.923428,1
11,0.17,0.973753,0.879214,0.924072,1
12,0.13,0.973746,0.878874,0.923881,1
13,0.11,0.973745,0.87882,0.923851,1
14,0.14,0.973742,0.879021,0.92396,1
15,0.22,0.973737,0.879555,0.924253,1
16,0.15,0.973734,0.879111,0.924006,1
17,0.09,0.973726,0.878244,0.923524,1
18,0.24,0.973724,0.879762,0.924362,1
19,0.19,0.973719,0.879424,0.924172,1
20,0.27,0.973718,0.879952,0.924464,1
21,0.16,0.973689,0.879066,0.923961,1
22,0.25,0.973688,0.879832,0.924384,1
23,0.26,0.973684,0.879946,0.924445,1
24,0.28,0.973683,0.880066,0.92451,1
25,0.29,0.973676,0.880041,0.924494,1
26,0.23,0.973672,0.879671,0.924288,1
27,0.32,0.973636,0.880415,0.924682,1
28,0.33,0.973618,0.88045,0.924693,1
29,0.34,0.973603,0.880638,0.92479,1
30,0.35,0.973587,0.880879,0.924915,1
31,0.39,0.973566,0.881315,0.925146,1
32,0.38,0.973552,0.881106,0.925025,1
33,0.36,0.97355,0.880823,0.924868,1
34,0.41,0.973533,0.881768,0.925382,1
35,0.37,0.973522,0.880973,0.924938,1
36,0.4,0.973468,0.881471,0.925188,1
37,0.42,0.973404,0.881969,0.925434,1
38,0.43,0.97339,0.882176,0.925541,1
39,0.44,0.973349,0.88264,0.925778,1
40,0.45,0.973331,0.882925,0.925926,1
41,0.46,0.973216,0.8834,0.926135,1
42,0.47,0.973123,0.883726,0.926272,1
43,0.48,0.973104,0.884595,0.926741,1
44,0.49,0.972979,0.885178,0.927004,1
45,0.5,0.972776,0.886061,0.927396,1
46,0.51,0.972649,0.887339,0.928038,1
47,0.52,0.972427,0.888183,0.928398,1
48,0.53,0.972168,0.889612,0.92906,1
49,0.54,0.972001,0.89058,0.929511,1
50,0.55,0.971538,0.891977,0.930059,1
51,0.56,0.971306,0.892869,0.930437,1
52,0.57,0.970983,0.894418,0.931129,1
53,0.58,0.970583,0.895161,0.931347,1
54,0.59,0.9703,0.896742,0.932072,1
55,0.6,0.970002,0.897863,0.932539,1
56,0.61,0.96967,0.899305,0.933163,1
57,0.62,0.969287,0.900891,0.933838,1
58,0.63,0.969065,0.90206,0.934363,1
59,0.64,0.968625,0.903462,0.934909,1
60,0.65,0.968322,0.90426,0.935195,1
61,0.66,0.967817,0.905585,0.935667,1
62,0.67,0.967534,0.906482,0.936014,1
63,0.68,0.967077,0.907599,0.936394,1
64,0.69,0.966758,0.908372,0.936656,1
65,0.7,0.966342,0.909445,0.937031,1
66,0.71,0.965808,0.910625,0.937405,1
67,0.72,0.965464,0.911433,0.937671,1
68,0.73,0.964952,0.912256,0.937865,1
69,0.74,0.964521,0.913061,0.938086,1
70,0.75,0.964108,0.914175,0.938477,1
71,0.76,0.963774,0.914925,0.938715,1
72,0.77,0.963259,0.915847,0.938955,1
73,0.78,0.962904,0.916423,0.939089,1
74,0.79,0.962405,0.91739,0.939358,1
75,0.8,0.962095,0.917892,0.939474,1
76,0.81,0.961548,0.918687,0.939629,1
77,0.82,0.961076,0.919815,0.939993,1
78,0.83,0.960724,0.920377,0.940118,1
79,0.84,0.960006,0.921186,0.940196,1
80,0.85,0.959368,0.921923,0.940273,1
81,0.86,0.958301,0.92285,0.940242,1
82,0.87,0.957237,0.923692,0.940165,1
83,0.88,0.954967,0.924842,0.939663,1
84,0.89,0.952498,0.925781,0.938949,1
85,0.9,0.945702,0.92765,0.936589,1
86,0.91,0.933549,0.930751,0.932148,1
87,0.92,0.919946,0.932772,0.926314,1
88,0.93,0.883819,0.937835,0.910026,1
89,0.94,0.841014,0.942287,0.888775,1
90,0.95,0.732105,0.947576,0.82602,1
91,0.96,0.618405,0.95198,0.749764,1
92,0.97,0.385637,0.957572,0.549841,1
93,0.98,0.21694,0.958347,0.353793,1
94,0.99,0.0363522,0.943359,0.0700067,1
95,0.11,0.949437,0.896606,0.922265,10
96,0.05,0.949434,0.895402,0.921627,10
97,0.14,0.94943,0.896914,0.922425,10
98,0.09,0.949425,0.896269,0.922081,10
99,0.02,0.949423,0.894174,0.920971,10
100,0.07,0.949422,0.895825,0.921845,10
101,0.04,0.949409,0.895334,0.921579,10
102,0.17,0.949408,0.897235,0.922585,10
103,0.1,0.949405,0.896481,0.922184,10
104,0.01,0.949403,0.891024,0.919287,10
105,0.12,0.949398,0.896672,0.922282,10
106,0.03,0.949391,0.89479,0.921282,10
107,0.15,0.949387,0.896871,0.922382,10
108,0.06,0.949386,0.8958,0.921815,10
109,0.18,0.949381,0.897245,0.922577,10
110,0.22,0.949376,0.897331,0.92262,10
111,0.26,0.949374,0.897591,0.922756,10
112,0.19,0.94936,0.897201,0.922543,10
113,0.25,0.949353,0.897591,0.922746,10
114,0.35,0.949334,0.897912,0.922908,10
115,0.3,0.949332,0.897672,0.92278,10
116,0.24,0.949329,0.897413,0.922642,10
117,0.21,0.949328,0.89722,0.922539,10
118,0.31,0.949321,0.897821,0.922853,10
119,0.29,0.949318,0.897679,0.922777,10
120,0.34,0.949311,0.897857,0.922867,10
121,0.23,0.949301,0.89732,0.922579,10
122,0.36,0.94927,0.897966,0.922906,10
123,0.32,0.949266,0.897858,0.922847,10
124,0.38,0.949261,0.898033,0.922937,10
125,0.37,0.949251,0.897966,0.922897,10
126,0.39,0.949233,0.898099,0.922958,10
127,0.4,0.949218,0.8982,0.923004,10
128,0.42,0.949183,0.898412,0.9231,10
129,0.44,0.949181,0.898865,0.923338,10
130,0.41,0.949166,0.898245,0.923003,10
131,0.43,0.949148,0.898563,0.923163,10
132,0.46,0.949068,0.899309,0.923519,10
133,0.45,0.949065,0.898893,0.923298,10
134,0.47,0.948941,0.89957,0.923596,10
135,0.48,0.948794,0.899948,0.923726,10
136,0.49,0.948697,0.900225,0.923825,10
137,0.5,0.948543,0.900864,0.924089,10
138,0.51,0.948346,0.901824,0.9245,10
139,0.52,0.948156,0.902397,0.924711,10
140,0.53,0.947745,0.903418,0.925051,10
141,0.54,0.94741,0.904303,0.925355,10
142,0.55,0.947003,0.905239,0.92565,10
143,0.56,0.946587,0.906104,0.925903,10
144,0.57,0.946173,0.907387,0.926374,10
145,0.58,0.945842,0.908133,0.926604,10
146,0.59,0.945277,0.909442,0.927013,10
147,0.6,0.944965,0.910376,0.927348,10
148,0.61,0.944515,0.911648,0.927791,10
149,0.62,0.943976,0.913287,0.928378,10
150,0.63,0.943653,0.914325,0.928758,10
151,0.64,0.943144,0.915429,0.92908,10
152,0.65,0.9427,0.916274,0.929299,10
153,0.66,0.942104,0.917256,0.929514,10
154,0.67,0.941709,0.917874,0.929639,10
155,0.68,0.941295,0.918719,0.92987,10
156,0.69,0.940846,0.919648,0.930126,10
157,0.7,0.940267,0.920592,0.930326,10
158,0.71,0.939696,0.921256,0.930384,10
159,0.72,0.939237,0.922012,0.930545,10
160,0.73,0.938642,0.922963,0.930737,10
161,0.74,0.938231,0.92363,0.930873,10
162,0.75,0.937597,0.92443,0.930967,10
163,0.76,0.937276,0.925136,0.931166,10
164,0.77,0.936554,0.925813,0.931152,10
165,0.78,0.936167,0.926229,0.931171,10
166,0.79,0.935599,0.927121,0.93134,10
167,0.8,0.935226,0.927372,0.931282,10
168,0.81,0.934703,0.928156,0.931418,10
169,0.82,0.934172,0.928983,0.93157,10
170,0.83,0.933838,0.929619,0.931724,10
171,0.84,0.932999,0.930366,0.931681,10
172,0.85,0.932464,0.930731,0.931597,10
173,0.86,0.931487,0.931221,0.931354,10
174,0.87,0.930536,0.931879,0.931207,10
175,0.88,0.928659,0.932904,0.930777,10
176,0.89,0.926399,0.933512,0.929942,10
177,0.9,0.920109,0.934636,0.927316,10
178,0.91,0.908996,0.936449,0.922518,10
179,0.92,0.896648,0.938025,0.91687,10
180,0.93,0.863251,0.941316,0.900595,10
181,0.94,0.823502,0.943952,0.879623,10
182,0.95,0.721059,0.948041,0.819117,10
183,0.96,0.611732,0.952117,0.744881,10
184,0.97,0.384239,0.957733,0.548444,10
185,0.98,0.216806,0.958029,0.353592,10
186,0.99,0.0363532,0.943229,0.0700083,10
187,0.1,0.972963,0.88054,0.924447,2
188,0.2,0.97296,0.881666,0.925066,2
189,0.04,0.972954,0.879137,0.923669,2
190,0.01,0.972948,0.874353,0.921019,2
191,0.02,0.972947,0.877614,0.922825,2
192,0.16,0.972942,0.881219,0.924812,2
193,0.12,0.972941,0.880863,0.924615,2
194,0.11,0.97294,0.880685,0.924517,2
195,0.08,0.972931,0.880131,0.924207,2
196,0.09,0.972925,0.880253,0.924272,2
197,0.14,0.972918,0.881118,0.924745,2
198,0.07,0.972913,0.87983,0.924033,2
199,0.05,0.972904,0.879429,0.923808,2
200,0.06,0.972897,0.879824,0.924023,2
201,0.15,0.972895,0.881142,0.924748,2
202,0.17,0.972892,0.881343,0.924857,2
203,0.03,0.972874,0.878447,0.923252,2
204,0.13,0.972864,0.881015,0.924664,2
205,0.19,0.972861,0.881459,0.924907,2
206,0.21,0.97286,0.881692,0.925035,2
207,0.23,0.972855,0.881812,0.925099,2
208,0.22,0.972849,0.881767,0.925071,2
209,0.27,0.972848,0.882079,0.925243,2
210,0.29,0.972841,0.882081,0.92524,2
211,0.26,0.972826,0.882024,0.925203,2
212,0.25,0.972824,0.881903,0.925135,2
213,0.3,0.972822,0.882295,0.92535,2
214,0.28,0.972814,0.882081,0.925229,2
215,0.33,0.972811,0.882507,0.925461,2
216,0.24,0.972804,0.881851,0.925097,2
217,0.31,0.972801,0.882338,0.925364,2
218,0.32,0.972769,0.882464,0.925419,2
219,0.34,0.972765,0.88266,0.925525,2
220,0.35,0.972759,0.882747,0.92557,2
221,0.36,0.972737,0.882783,0.92558,2
222,0.37,0.972719,0.882858,0.925613,2
223,0.39,0.972704,0.883149,0.925766,2
224,0.38,0.972695,0.882986,0.925672,2
225,0.4,0.972659,0.883194,0.92577,2
226,0.41,0.972637,0.883555,0.925958,2
227,0.43,0.972603,0.88402,0.926198,2
228,0.42,0.972601,0.883918,0.926141,2
229,0.44,0.972566,0.884273,0.92632,2
230,0.46,0.972516,0.885004,0.926699,2
231,0.45,0.972451,0.884547,0.926418,2
232,0.47,0.972355,0.885361,0.926821,2
233,0.48,0.972234,0.886157,0.927202,2
234,0.49,0.972175,0.886565,0.927398,2
235,0.5,0.972011,0.887481,0.927825,2
236,0.51,0.971842,0.888502,0.928305,2
237,0.52,0.971645,0.889498,0.928759,2
238,0.53,0.971333,0.890881,0.929369,2
239,0.54,0.971178,0.891662,0.929723,2
240,0.55,0.970748,0.892902,0.930199,2
241,0.56,0.970431,0.894079,0.930692,2
242,0.57,0.97013,0.895479,0.931311,2
243,0.58,0.969823,0.896373,0.931653,2
244,0.59,0.969418,0.897872,0.932274,2
245,0.6,0.969151,0.89876,0.932629,2
246,0.61,0.968902,0.900401,0.933396,2
247,0.62,0.968429,0.90215,0.934115,2
248,0.63,0.96823,0.90295,0.934451,2
249,0.64,0.967797,0.904291,0.934967,2
250,0.65,0.96745,0.905242,0.935313,2
251,0.66,0.966963,0.906466,0.935738,2
252,0.67,0.966703,0.907131,0.93597,2
253,0.68,0.966313,0.908221,0.936367,2
254,0.69,0.965906,0.90905,0.936616,2
255,0.7,0.965408,0.910165,0.936973,2
256,0.71,0.96503,0.911246,0.937367,2
257,0.72,0.96466,0.911871,0.937523,2
258,0.73,0.964129,0.912767,0.937745,2
259,0.74,0.96377,0.91349,0.937957,2
260,0.75,0.963331,0.914586,0.938326,2
261,0.76,0.962985,0.91533,0.938553,2
262,0.77,0.962489,0.916175,0.938761,2
263,0.78,0.962097,0.916672,0.938835,2
264,0.79,0.961589,0.917728,0.939147,2
265,0.8,0.961239,0.918171,0.939212,2
266,0.81,0.960794,0.9189,0.93938,2
267,0.82,0.960278,0.919964,0.939689,2
268,0.83,0.95994,0.920513,0.939813,2
269,0.84,0.959178,0.921325,0.93987,2
270,0.85,0.958629,0.922042,0.939979,2
271,0.86,0.957558,0.922958,0.93994,2
272,0.87,0.956542,0.923542,0.939752,2
273,0.88,0.954358,0.924965,0.939431,2
274,0.89,0.951846,0.925813,0.938649,2
275,0.9,0.945128,0.927645,0.936305,2
276,0.91,0.933051,0.930555,0.931801,2
277,0.92,0.919562,0.932804,0.926136,2
278,0.93,0.883414,0.937713,0.909754,2
279,0.94,0.840694,0.942034,0.888484,2
280,0.95,0.732093,0.947277,0.825899,2
281,0.96,0.618349,0.951514,0.749579,2
282,0.97,0.385566,0.957292,0.549722,2
283,0.98,0.216903,0.957958,0.353717,2
284,0.99,0.0363522,0.942839,0.0700053,2
285,0.09,0.972216,0.881665,0.924729,3
286,0.03,0.972214,0.880018,0.923821,3
287,0.04,0.972207,0.880583,0.92413,3
288,0.11,0.972203,0.882065,0.924943,3
289,0.06,0.972184,0.881139,0.924425,3
290,0.1,0.972176,0.881824,0.924798,3
291,0.21,0.972165,0.882961,0.925418,3
292,0.08,0.972164,0.881461,0.924593,3
293,0.17,0.972153,0.882522,0.925172,3
294,0.05,0.972151,0.880824,0.924237,3
295,0.02,0.972145,0.878994,0.923226,3
296,0.2,0.972143,0.882848,0.925346,3
297,0.15,0.97214,0.882562,0.925187,3
298,0.01,0.972138,0.875831,0.921475,3
299,0.07,0.972133,0.881245,0.92446,3
300,0.16,0.972132,0.882666,0.925241,3
301,0.28,0.972131,0.883408,0.925648,3
302,0.18,0.972124,0.882647,0.925227,3
303,0.12,0.972115,0.882169,0.92496,3
304,0.19,0.972111,0.882767,0.925287,3
305,0.23,0.972109,0.882984,0.925406,3
306,0.27,0.972099,0.883342,0.925598,3
307,0.24,0.972077,0.883046,0.925425,3
308,0.26,0.972076,0.883123,0.925467,3
309,0.31,0.972062,0.88368,0.925767,3
310,0.29,0.972052,0.883341,0.925576,3
311,0.35,0.972045,0.883836,0.925844,3
312,0.3,0.97204,0.883427,0.925618,3
313,0.36,0.972039,0.88413,0.926003,3
314,0.33,0.972019,0.883806,0.925816,3
315,0.38,0.972015,0.884272,0.92607,3
316,0.32,0.972001,0.883626,0.925709,3
317,0.34,0.971995,0.883816,0.925811,3
318,0.4,0.971977,0.88453,0.926194,3
319,0.41,0.971953,0.884599,0.926221,3
320,0.39,0.971942,0.884243,0.926021,3
321,0.37,0.971919,0.884023,0.92589,3
322,0.42,0.971882,0.884906,0.926357,3
323,0.44,0.97185,0.885362,0.926592,3
324,0.43,0.971846,0.885064,0.926427,3
325,0.45,0.97176,0.885422,0.926584,3
326,0.47,0.971689,0.88652,0.927153,3
327,0.46,0.971671,0.88589,0.9268,3
328,0.48,0.971519,0.887027,0.927352,3
329,0.49,0.971496,0.887489,0.927594,3
330,0.5,0.971313,0.888444,0.928032,3
331,0.51,0.971207,0.889427,0.92852,3
332,0.52,0.971019,0.890256,0.928885,3
333,0.53,0.970686,0.89144,0.929377,3
334,0.54,0.970511,0.892508,0.929876,3
335,0.55,0.970115,0.893854,0.930424,3
336,0.56,0.969841,0.894743,0.93078,3
337,0.57,0.969473,0.896222,0.93141,3
338,0.58,0.969187,0.897019,0.931708,3
339,0.59,0.968772,0.898467,0.932296,3
340,0.6,0.968466,0.89951,0.932715,3
341,0.61,0.968151,0.901012,0.933376,3
342,0.62,0.967686,0.902618,0.93402,3
343,0.63,0.967561,0.903639,0.934508,3
344,0.64,0.967115,0.905088,0.935074,3
345,0.65,0.966804,0.905824,0.935321,3
346,0.66,0.966358,0.906926,0.935699,3
347,0.67,0.965971,0.907743,0.935952,3
348,0.68,0.965614,0.908846,0.936371,3
349,0.69,0.965229,0.909685,0.936634,3
350,0.7,0.964781,0.910782,0.937004,3
351,0.71,0.964346,0.911729,0.9373,3
352,0.72,0.963994,0.912342,0.937457,3
353,0.73,0.963402,0.913455,0.937764,3
354,0.74,0.963117,0.914182,0.938011,3
355,0.75,0.962606,0.915188,0.938299,3
356,0.76,0.96233,0.915726,0.93845,3
357,0.77,0.961809,0.916648,0.938685,3
358,0.78,0.961459,0.91701,0.938708,3
359,0.79,0.961011,0.918063,0.939046,3
360,0.8,0.960605,0.918518,0.93909,3
361,0.81,0.960176,0.91939,0.939341,3
362,0.82,0.959646,0.920233,0.939526,3
363,0.83,0.959299,0.920836,0.939674,3
364,0.84,0.958555,0.921545,0.939686,3
365,0.85,0.958,0.922216,0.939768,3
366,0.86,0.956939,0.923171,0.939752,3
367,0.87,0.955952,0.923824,0.939614,3
368,0.88,0.953656,0.925139,0.939181,3
369,0.89,0.951202,0.926074,0.93847,3
370,0.9,0.94443,0.92783,0.936056,3
371,0.91,0.932303,0.930703,0.931502,3
372,0.92,0.918853,0.93273,0.925739,3
373,0.93,0.882946,0.937721,0.909509,3
374,0.94,0.840293,0.942025,0.888256,3
375,0.95,0.731842,0.94745,0.825805,3
376,0.96,0.618259,0.951724,0.749577,3
377,0.97,0.385574,0.957069,0.549694,3
378,0.98,0.216935,0.958253,0.35378,3
379,0.99,0.0363522,0.943099,0.070006,3
380,0.09,0.971015,0.883056,0.924949,4
381,0.12,0.971004,0.883746,0.925322,4
382,0.14,0.970978,0.883886,0.925387,4
383,0.03,0.970977,0.881451,0.92405,4
384,0.11,0.970976,0.883396,0.925118,4
385,0.01,0.970975,0.877404,0.921821,4
386,0.06,0.970967,0.882627,0.924692,4
387,0.04,0.970964,0.882042,0.924369,4
388,0.02,0.970962,0.880634,0.923595,4
389,0.15,0.970959,0.883993,0.925437,4
390,0.19,0.970951,0.884044,0.925462,4
391,0.13,0.97095,0.883692,0.925268,4
392,0.17,0.970941,0.883855,0.925353,4
393,0.07,0.970929,0.882597,0.924658,4
394,0.05,0.970925,0.882265,0.924474,4
395,0.21,0.970915,0.884176,0.925518,4
396,0.24,0.970914,0.884382,0.92563,4
397,0.22,0.970912,0.884322,0.925596,4
398,0.27,0.970909,0.884631,0.925764,4
399,0.16,0.970908,0.884025,0.925432,4
400,0.26,0.970903,0.884533,0.925708,4
401,0.25,0.970895,0.884337,0.925597,4
402,0.23,0.970889,0.88421,0.925524,4
403,0.35,0.970887,0.885197,0.926064,4
404,0.29,0.970883,0.884633,0.925754,4
405,0.28,0.970879,0.884631,0.925751,4
406,0.33,0.970876,0.884967,0.925933,4
407,0.3,0.97087,0.88489,0.925889,4
408,0.34,0.970853,0.885048,0.925967,4
409,0.36,0.970851,0.885163,0.926029,4
410,0.37,0.97083,0.885303,0.926096,4
411,0.39,0.970807,0.885545,0.926218,4
412,0.31,0.970794,0.884888,0.925852,4
413,0.4,0.97074,0.885591,0.926213,4
414,0.41,0.970737,0.885809,0.92633,4
415,0.42,0.97072,0.885908,0.926377,4
416,0.43,0.970677,0.886302,0.926573,4
417,0.45,0.970628,0.886624,0.926726,4
418,0.46,0.970623,0.887018,0.926939,4
419,0.47,0.970503,0.887352,0.927066,4
420,0.48,0.97037,0.887937,0.927325,4
421,0.49,0.970317,0.888433,0.927571,4
422,0.5,0.970137,0.889165,0.927888,4
423,0.51,0.970049,0.890248,0.928437,4
424,0.52,0.969849,0.891115,0.928816,4
425,0.53,0.96952,0.892304,0.929311,4
426,0.54,0.969314,0.893226,0.929716,4
427,0.55,0.968953,0.894611,0.930299,4
428,0.56,0.968661,0.895514,0.930652,4
429,0.57,0.968292,0.896908,0.931234,4
430,0.58,0.968042,0.897681,0.931535,4
431,0.59,0.967568,0.89915,0.932105,4
432,0.6,0.96728,0.900229,0.932551,4
433,0.61,0.966977,0.901646,0.933169,4
434,0.62,0.966548,0.903178,0.933789,4
435,0.63,0.966324,0.904203,0.934232,4
436,0.64,0.965919,0.905579,0.934776,4
437,0.65,0.965569,0.906416,0.935058,4
438,0.66,0.965115,0.907579,0.935463,4
439,0.67,0.964776,0.908427,0.935754,4
440,0.68,0.964405,0.909365,0.936077,4
441,0.69,0.964005,0.910221,0.936342,4
442,0.7,0.963534,0.911262,0.936669,4
443,0.71,0.96311,0.912263,0.936997,4
444,0.72,0.962725,0.913019,0.937213,4
445,0.73,0.962162,0.914022,0.937474,4
446,0.74,0.96194,0.914676,0.937712,4
447,0.75,0.961378,0.915677,0.937971,4
448,0.76,0.961102,0.916294,0.938163,4
449,0.77,0.960585,0.917285,0.938436,4
450,0.78,0.960212,0.917649,0.938448,4
451,0.79,0.959711,0.918615,0.938714,4
452,0.8,0.95933,0.919111,0.93879,4
453,0.81,0.958941,0.91983,0.938978,4
454,0.82,0.958348,0.920738,0.939167,4
455,0.83,0.958027,0.92141,0.939362,4
456,0.84,0.957312,0.922102,0.939377,4
457,0.85,0.956746,0.922763,0.939447,4
458,0.86,0.95569,0.923642,0.939393,4
459,0.87,0.954676,0.924387,0.939287,4
460,0.88,0.952416,0.925629,0.938831,4
461,0.89,0.949944,0.92643,0.938039,4
462,0.9,0.943243,0.928105,0.935613,4
463,0.91,0.931169,0.930743,0.930956,4
464,0.92,0.91787,0.932809,0.925279,4
465,0.93,0.882154,0.937696,0.909077,4
466,0.94,0.839723,0.942147,0.887992,4
467,0.95,0.731503,0.947312,0.825537,4
468,0.96,0.618057,0.951816,0.749458,4
469,0.97,0.385507,0.957137,0.549636,4
470,0.98,0.216951,0.958232,0.3538,4
471,0.99,0.0363512,0.942969,0.0700038,4
472,0.13,0.969467,0.884749,0.925173,5
473,0.03,0.969461,0.882557,0.92397,5
474,0.01,0.969448,0.878552,0.921765,5
475,0.17,0.969441,0.885072,0.925337,5
476,0.12,0.969439,0.884733,0.925151,5
477,0.09,0.969438,0.884269,0.924897,5
478,0.02,0.969417,0.881609,0.92343,5
479,0.04,0.969413,0.883115,0.924254,5
480,0.05,0.969411,0.883309,0.924359,5
481,0.14,0.969409,0.884952,0.925257,5
482,0.07,0.969407,0.88369,0.924566,5
483,0.11,0.969404,0.884499,0.925007,5
484,0.08,0.969401,0.884058,0.924765,5
485,0.2,0.969399,0.885196,0.925386,5
486,0.15,0.969389,0.884996,0.925272,5
487,0.16,0.969387,0.884939,0.92524,5
488,0.23,0.969385,0.885405,0.925494,5
489,0.26,0.969379,0.885563,0.925577,5
490,0.28,0.969376,0.885759,0.925683,5
491,0.24,0.969371,0.885438,0.925505,5
492,0.25,0.969369,0.885479,0.925527,5
493,0.1,0.969368,0.884464,0.924972,5
494,0.21,0.969366,0.885356,0.925458,5
495,0.31,0.969347,0.885738,0.925659,5
496,0.27,0.969338,0.885631,0.925596,5
497,0.29,0.969335,0.885612,0.925584,5
498,0.37,0.96933,0.886095,0.925845,5
499,0.32,0.969329,0.885813,0.925691,5
500,0.3,0.969327,0.885736,0.925648,5
501,0.35,0.969282,0.886053,0.9258,5
502,0.33,0.969281,0.886012,0.925778,5
503,0.38,0.96928,0.886271,0.925918,5
504,0.34,0.969268,0.886017,0.925775,5
505,0.36,0.96926,0.886206,0.925874,5
506,0.41,0.969253,0.886518,0.926041,5
507,0.43,0.969233,0.887055,0.926325,5
508,0.42,0.969198,0.886727,0.92613,5
509,0.4,0.969197,0.886387,0.925944,5
510,0.44,0.969188,0.887105,0.926332,5
511,0.45,0.969131,0.887374,0.926452,5
512,0.46,0.969079,0.887766,0.926642,5
513,0.47,0.96898,0.888185,0.926825,5
514,0.48,0.968836,0.888623,0.926997,5
515,0.49,0.968823,0.88907,0.927235,5
516,0.5,0.968596,0.889877,0.927569,5
517,0.51,0.968481,0.890903,0.928074,5
518,0.52,0.968301,0.891638,0.92839,5
519,0.53,0.968022,0.892867,0.928927,5
520,0.54,0.967767,0.893766,0.929296,5
521,0.55,0.967438,0.895221,0.929929,5
522,0.56,0.967121,0.896046,0.930228,5
523,0.57,0.966706,0.897475,0.930805,5
524,0.58,0.966513,0.898278,0.931147,5
525,0.59,0.966055,0.899709,0.931702,5
526,0.6,0.965699,0.900709,0.932073,5
527,0.61,0.965408,0.902126,0.932695,5
528,0.62,0.964956,0.903901,0.933431,5
529,0.63,0.964771,0.904729,0.933785,5
530,0.64,0.96434,0.906105,0.934316,5
531,0.65,0.963997,0.906923,0.934589,5
532,0.66,0.963515,0.908188,0.935034,5
533,0.67,0.963254,0.908864,0.935269,5
534,0.68,0.962809,0.909746,0.935526,5
535,0.69,0.962402,0.910793,0.935886,5
536,0.7,0.961924,0.911876,0.936231,5
537,0.71,0.961532,0.912768,0.936515,5
538,0.72,0.961116,0.913579,0.936745,5
539,0.73,0.96065,0.914449,0.93698,5
540,0.74,0.960269,0.915091,0.937136,5
541,0.75,0.959804,0.916037,0.93741,5
542,0.76,0.959496,0.916708,0.937614,5
543,0.77,0.959012,0.917627,0.937863,5
544,0.78,0.958563,0.918026,0.937857,5
545,0.79,0.958165,0.918977,0.938162,5
546,0.8,0.957752,0.919494,0.938233,5
547,0.81,0.957322,0.920296,0.938444,5
548,0.82,0.956805,0.921199,0.938664,5
549,0.83,0.956477,0.921801,0.938819,5
550,0.84,0.955792,0.922482,0.938842,5
551,0.85,0.955179,0.923208,0.938922,5
552,0.86,0.954116,0.923978,0.938805,5
553,0.87,0.953097,0.924655,0.938661,5
554,0.88,0.950895,0.925835,0.938198,5
555,0.89,0.948427,0.92666,0.937417,5
556,0.9,0.941786,0.928259,0.934973,5
557,0.91,0.929836,0.930832,0.930334,5
558,0.92,0.916581,0.932802,0.924621,5
559,0.93,0.881068,0.937772,0.908536,5
560,0.94,0.838859,0.94187,0.887385,5
561,0.95,0.731032,0.947012,0.825123,5
562,0.96,0.617792,0.951479,0.749158,5
563,0.97,0.385413,0.957225,0.549555,5
564,0.98,0.216937,0.958164,0.353776,5
565,0.99,0.0363512,0.942969,0.0700038,5
566,0.05,0.967085,0.885021,0.924235,6
567,0.04,0.967075,0.884837,0.92413,6
568,0.01,0.967068,0.880097,0.921535,6
569,0.02,0.967065,0.883342,0.923309,6
570,0.09,0.967063,0.885869,0.924687,6
571,0.06,0.967051,0.885247,0.924342,6
572,0.19,0.96705,0.88683,0.925205,6
573,0.17,0.967049,0.886669,0.925116,6
574,0.23,0.967042,0.886998,0.925292,6
575,0.1,0.96704,0.885906,0.924697,6
576,0.07,0.967037,0.885436,0.924439,6
577,0.15,0.967035,0.886511,0.925024,6
578,0.08,0.96703,0.88557,0.924509,6
579,0.13,0.967025,0.886371,0.924943,6
580,0.12,0.967022,0.886323,0.924916,6
581,0.03,0.967015,0.884242,0.923778,6
582,0.21,0.967006,0.886967,0.925259,6
583,0.14,0.967,0.886521,0.925013,6
584,0.25,0.966993,0.887087,0.925318,6
585,0.11,0.966992,0.886197,0.924833,6
586,0.22,0.96699,0.887009,0.925274,6
587,0.24,0.96698,0.887132,0.925337,6
588,0.33,0.966971,0.88751,0.925538,6
589,0.27,0.966969,0.887359,0.925455,6
590,0.28,0.966963,0.887169,0.925349,6
591,0.31,0.96696,0.887483,0.925518,6
592,0.3,0.966955,0.887456,0.925502,6
593,0.29,0.966949,0.887395,0.925465,6
594,0.4,0.966944,0.888018,0.925802,6
595,0.32,0.966939,0.887572,0.925557,6
596,0.34,0.966915,0.887484,0.925498,6
597,0.35,0.966913,0.887644,0.925584,6
598,0.41,0.966908,0.888162,0.925863,6
599,0.37,0.966906,0.887808,0.92567,6
600,0.38,0.966897,0.887821,0.925673,6
601,0.44,0.966889,0.888752,0.926175,6
602,0.36,0.966887,0.887648,0.925575,6
603,0.43,0.966875,0.88849,0.926027,6
604,0.42,0.966822,0.88837,0.925937,6
605,0.45,0.966771,0.888955,0.926232,6
606,0.46,0.966725,0.889293,0.926393,6
607,0.47,0.966674,0.889655,0.926567,6
608,0.48,0.96649,0.890083,0.926714,6
609,0.49,0.966454,0.890505,0.926926,6
610,0.5,0.96631,0.891418,0.927354,6
611,0.51,0.966176,0.892234,0.927734,6
612,0.52,0.965943,0.893165,0.92813,6
613,0.53,0.965697,0.894137,0.92854,6
614,0.54,0.965445,0.895043,0.928912,6
615,0.55,0.965077,0.896463,0.929506,6
616,0.56,0.964802,0.897351,0.929855,6
617,0.57,0.964392,0.898902,0.930496,6
618,0.58,0.964117,0.899628,0.930757,6
619,0.59,0.963671,0.900989,0.931276,6
620,0.6,0.963423,0.901907,0.93165,6
621,0.61,0.963052,0.90338,0.932262,6
622,0.62,0.962681,0.905044,0.932973,6
623,0.63,0.962402,0.90598,0.933339,6
624,0.64,0.96201,0.907329,0.93387,6
625,0.65,0.961702,0.908162,0.934165,6
626,0.66,0.961155,0.909366,0.934544,6
627,0.67,0.960881,0.910047,0.934773,6
628,0.68,0.960443,0.911199,0.935173,6
629,0.69,0.960059,0.912007,0.935416,6
630,0.7,0.959555,0.913016,0.935707,6
631,0.71,0.959143,0.913961,0.936007,6
632,0.72,0.958769,0.914636,0.936183,6
633,0.73,0.958254,0.915616,0.93645,6
634,0.74,0.957912,0.916316,0.936652,6
635,0.75,0.957416,0.917308,0.936933,6
636,0.76,0.957112,0.917956,0.937125,6
637,0.77,0.956578,0.918756,0.937286,6
638,0.78,0.956257,0.919264,0.937395,6
639,0.79,0.955775,0.920173,0.937636,6
640,0.8,0.955435,0.920748,0.937771,6
641,0.81,0.954987,0.921406,0.937896,6
642,0.82,0.95443,0.92246,0.938173,6
643,0.83,0.954072,0.922811,0.938181,6
644,0.84,0.953355,0.923615,0.93825,6
645,0.85,0.952783,0.924181,0.938264,6
646,0.86,0.951741,0.925072,0.938217,6
647,0.87,0.950807,0.925654,0.938062,6
648,0.88,0.948596,0.926723,0.937532,6
649,0.89,0.946209,0.9276,0.936812,6
650,0.9,0.939516,0.929156,0.934307,6
651,0.91,0.927678,0.931433,0.929552,6
652,0.92,0.9146,0.933516,0.923961,6
653,0.93,0.879087,0.938061,0.907617,6
654,0.94,0.837211,0.942168,0.886594,6
655,0.95,0.730014,0.94703,0.824481,6
656,0.96,0.617059,0.951759,0.748706,6
657,0.97,0.385202,0.9575,0.549386,6
658,0.98,0.216904,0.957959,0.353718,6
659,0.99,0.0363522,0.943229,0.0700064,6
660,0.1,0.964167,0.888101,0.924572,7
661,0.11,0.96416,0.88833,0.924693,7
662,0.07,0.964147,0.887635,0.92431,7
663,0.12,0.964146,0.888563,0.924813,7
664,0.06,0.964135,0.887562,0.924265,7
665,0.01,0.964111,0.882506,0.921505,7
666,0.13,0.964109,0.888667,0.924852,7
667,0.09,0.964107,0.88799,0.924484,7
668,0.08,0.964106,0.887894,0.924432,7
669,0.02,0.964104,0.885587,0.923179,7
670,0.14,0.964102,0.888585,0.924804,7
671,0.19,0.964096,0.888842,0.924941,7
672,0.03,0.964094,0.886565,0.923705,7
673,0.05,0.96409,0.8872,0.924048,7
674,0.2,0.964078,0.888957,0.924994,7
675,0.29,0.964074,0.889525,0.9253,7
676,0.25,0.964068,0.889278,0.925164,7
677,0.15,0.964067,0.888699,0.92485,7
678,0.23,0.964064,0.889164,0.9251,7
679,0.17,0.964061,0.888849,0.924928,7
680,0.16,0.964056,0.888774,0.924886,7
681,0.27,0.964051,0.889323,0.925181,7
682,0.26,0.964045,0.889245,0.925136,7
683,0.33,0.964038,0.889693,0.925375,7
684,0.37,0.96403,0.889937,0.925503,7
685,0.31,0.96402,0.889582,0.925306,7
686,0.21,0.964015,0.888994,0.924986,7
687,0.3,0.963997,0.889592,0.925301,7
688,0.35,0.963995,0.889647,0.92533,7
689,0.24,0.963992,0.889093,0.925029,7
690,0.28,0.963991,0.889462,0.925228,7
691,0.42,0.96397,0.890416,0.925734,7
692,0.32,0.963968,0.88963,0.925309,7
693,0.36,0.963958,0.889789,0.92539,7
694,0.39,0.96395,0.889957,0.925477,7
695,0.34,0.963935,0.889687,0.925324,7
696,0.41,0.963922,0.89014,0.925563,7
697,0.4,0.963915,0.890141,0.92556,7
698,0.43,0.963903,0.890569,0.925786,7
699,0.44,0.963898,0.890817,0.925918,7
700,0.45,0.963807,0.891001,0.925975,7
701,0.46,0.963759,0.891345,0.926139,7
702,0.47,0.963704,0.891666,0.926287,7
703,0.49,0.963545,0.892598,0.926716,7
704,0.48,0.963541,0.892143,0.926469,7
705,0.5,0.963318,0.893323,0.927001,7
706,0.51,0.963214,0.894182,0.927415,7
707,0.52,0.963023,0.894841,0.927681,7
708,0.53,0.96269,0.89624,0.928277,7
709,0.54,0.96248,0.897085,0.928633,7
710,0.55,0.962071,0.898289,0.929087,7
711,0.56,0.961805,0.899214,0.929457,7
712,0.57,0.961478,0.900629,0.930059,7
713,0.58,0.961169,0.901437,0.930345,7
714,0.59,0.960755,0.90282,0.930887,7
715,0.6,0.960465,0.90378,0.931261,7
716,0.61,0.960106,0.905469,0.931988,7
717,0.62,0.959633,0.906852,0.932496,7
718,0.63,0.959426,0.907971,0.932989,7
719,0.64,0.958997,0.909247,0.93346,7
720,0.65,0.958672,0.910053,0.93373,7
721,0.66,0.958167,0.911217,0.934102,7
722,0.67,0.957851,0.911914,0.934319,7
723,0.68,0.957433,0.913034,0.934707,7
724,0.69,0.957095,0.913741,0.934916,7
725,0.7,0.9566,0.914902,0.935287,7
726,0.71,0.956132,0.915766,0.935514,7
727,0.72,0.955754,0.916479,0.935705,7
728,0.73,0.955186,0.917516,0.935972,7
729,0.74,0.954882,0.918045,0.936101,7
730,0.75,0.954368,0.918941,0.936319,7
731,0.76,0.95409,0.919779,0.936621,7
732,0.77,0.953584,0.920656,0.936831,7
733,0.78,0.953167,0.921048,0.936832,7
734,0.79,0.952733,0.922016,0.937123,7
735,0.8,0.952357,0.922418,0.937149,7
736,0.81,0.951921,0.923114,0.937296,7
737,0.82,0.951399,0.924063,0.937532,7
738,0.83,0.951089,0.924551,0.937632,7
739,0.84,0.950326,0.925325,0.937659,7
740,0.85,0.949722,0.925822,0.93762,7
741,0.86,0.94872,0.926671,0.937566,7
742,0.87,0.947693,0.927247,0.937358,7
743,0.88,0.945561,0.928334,0.936868,7
744,0.89,0.943173,0.928925,0.935995,7
745,0.9,0.936535,0.930298,0.933406,7
746,0.91,0.924747,0.932523,0.928618,7
747,0.92,0.911615,0.93444,0.922886,7
748,0.93,0.876522,0.939012,0.906691,7
749,0.94,0.834773,0.942665,0.885444,7
750,0.95,0.728279,0.947435,0.823526,7
751,0.96,0.616031,0.95171,0.747933,7
752,0.97,0.385016,0.957264,0.549158,7
753,0.98,0.216888,0.958154,0.35371,7
754,0.99,0.0363532,0.942969,0.0700075,7
755,0.11,0.958434,0.891479,0.923744,8
756,0.02,0.958414,0.888881,0.922339,8
757,0.04,0.958404,0.890142,0.923012,8
758,0.14,0.958403,0.891802,0.923904,8
759,0.01,0.9584,0.885804,0.920673,8
760,0.08,0.958395,0.890925,0.923429,8
761,0.13,0.958381,0.891769,0.923876,8
762,0.03,0.95838,0.88962,0.922721,8
763,0.15,0.958377,0.891862,0.923924,8
764,0.12,0.958374,0.891589,0.923776,8
765,0.19,0.958371,0.892137,0.924069,8
766,0.1,0.958362,0.891177,0.923549,8
767,0.07,0.958356,0.890725,0.923304,8
768,0.06,0.958352,0.890798,0.923341,8
769,0.09,0.958347,0.891177,0.923543,8
770,0.17,0.958345,0.89201,0.923988,8
771,0.23,0.95834,0.892227,0.924103,8
772,0.28,0.958336,0.892567,0.924283,8
773,0.2,0.958335,0.892123,0.924045,8
774,0.16,0.958322,0.89191,0.923924,8
775,0.18,0.958321,0.892,0.923972,8
776,0.05,0.958311,0.890394,0.923105,8
777,0.21,0.958305,0.89218,0.924061,8
778,0.3,0.95829,0.892648,0.924305,8
779,0.24,0.958281,0.892299,0.924114,8
780,0.34,0.958276,0.89282,0.924391,8
781,0.27,0.958271,0.892528,0.924232,8
782,0.33,0.958269,0.892816,0.924386,8
783,0.26,0.958266,0.892417,0.92417,8
784,0.29,0.958261,0.892432,0.924176,8
785,0.31,0.95825,0.892601,0.924261,8
786,0.36,0.958243,0.892884,0.924409,8
787,0.32,0.95823,0.892822,0.924371,8
788,0.37,0.958214,0.89296,0.924437,8
789,0.35,0.958208,0.892841,0.92437,8
790,0.4,0.958187,0.893187,0.924546,8
791,0.41,0.958169,0.893266,0.92458,8
792,0.39,0.958156,0.893126,0.924499,8
793,0.43,0.958152,0.893596,0.924749,8
794,0.38,0.958144,0.8929,0.924372,8
795,0.42,0.958128,0.893472,0.924671,8
796,0.44,0.958072,0.893815,0.924829,8
797,0.45,0.958057,0.893939,0.924888,8
798,0.46,0.957947,0.894291,0.925025,8
799,0.47,0.957865,0.894495,0.925096,8
800,0.48,0.957742,0.895048,0.925334,8
801,0.49,0.957728,0.895469,0.925553,8
802,0.5,0.957539,0.896265,0.925889,8
803,0.51,0.957404,0.897029,0.926234,8
804,0.52,0.957277,0.897765,0.926566,8
805,0.53,0.956893,0.898984,0.927035,8
806,0.54,0.956685,0.899816,0.92738,8
807,0.55,0.956252,0.901013,0.927811,8
808,0.56,0.955936,0.902052,0.928213,8
809,0.57,0.955563,0.903441,0.928771,8
810,0.58,0.955253,0.904191,0.929021,8
811,0.59,0.954789,0.9057,0.929597,8
812,0.6,0.954462,0.906613,0.929922,8
813,0.61,0.95412,0.908153,0.930569,8
814,0.62,0.953626,0.909605,0.931095,8
815,0.63,0.953392,0.91063,0.93152,8
816,0.64,0.95291,0.911687,0.931842,8
817,0.65,0.952561,0.912692,0.9322,8
818,0.66,0.951989,0.9137,0.932452,8
819,0.67,0.951669,0.914586,0.932759,8
820,0.68,0.951209,0.915587,0.933058,8
821,0.69,0.950772,0.91627,0.933202,8
822,0.7,0.950364,0.917366,0.933573,8
823,0.71,0.949857,0.918225,0.933773,8
824,0.72,0.949379,0.918968,0.933926,8
825,0.73,0.948871,0.919671,0.934043,8
826,0.74,0.948511,0.920363,0.934225,8
827,0.75,0.947992,0.92136,0.934486,8
828,0.76,0.94771,0.922113,0.934736,8
829,0.77,0.947083,0.92289,0.93483,8
830,0.78,0.946675,0.923246,0.934814,8
831,0.79,0.946162,0.924145,0.935024,8
832,0.8,0.945864,0.924656,0.93514,8
833,0.81,0.945394,0.925422,0.935301,8
834,0.82,0.944782,0.926249,0.935424,8
835,0.83,0.944502,0.926949,0.935643,8
836,0.84,0.943748,0.927549,0.935578,8
837,0.85,0.943145,0.928127,0.935576,8
838,0.86,0.942196,0.928763,0.935432,8
839,0.87,0.941239,0.929231,0.935197,8
840,0.88,0.939247,0.930295,0.93475,8
841,0.89,0.936916,0.931051,0.933974,8
842,0.9,0.930478,0.932321,0.931399,8
843,0.91,0.918871,0.934223,0.926483,8
844,0.92,0.905986,0.936036,0.920766,8
845,0.93,0.871603,0.940374,0.904683,8
846,0.94,0.830502,0.94357,0.883433,8
847,0.95,0.725164,0.947918,0.821712,8
848,0.96,0.614009,0.951627,0.746416,8
849,0.97,0.384654,0.957535,0.548835,8
850,0.98,0.21684,0.957969,0.353634,8
851,0.99,0.0363532,0.943099,0.0700079,8
852,0.02,0.953098,0.8915,0.921271,9
853,0.1,0.95306,0.893779,0.922468,9
854,0.14,0.953058,0.89431,0.92275,9
855,0.09,0.953054,0.89363,0.922386,9
856,0.04,0.95304,0.892734,0.921902,9
857,0.03,0.953035,0.892274,0.921654,9
858,0.13,0.953028,0.894322,0.922742,9
859,0.08,0.953021,0.893519,0.922311,9
860,0.06,0.95302,0.893194,0.922138,9
861,0.19,0.953018,0.894578,0.922874,9
862,0.12,0.953013,0.894201,0.922671,9
863,0.01,0.953012,0.888424,0.919585,9
864,0.05,0.953011,0.892948,0.922002,9
865,0.27,0.953005,0.89497,0.923076,9
866,0.16,0.953004,0.894335,0.922738,9
867,0.11,0.952994,0.893898,0.9225,9
868,0.22,0.952993,0.894802,0.922981,9
869,0.07,0.952987,0.893293,0.922175,9
870,0.17,0.952984,0.894515,0.922824,9
871,0.15,0.95298,0.894408,0.922765,9
872,0.25,0.952979,0.894848,0.922999,9
873,0.21,0.952973,0.894744,0.922941,9
874,0.18,0.95297,0.894622,0.922875,9
875,0.31,0.952957,0.895299,0.923228,9
876,0.2,0.952955,0.894644,0.922879,9
877,0.24,0.952952,0.89478,0.92295,9
878,0.37,0.952945,0.895394,0.923273,9
879,0.29,0.952932,0.895,0.923058,9
880,0.3,0.952922,0.89513,0.923122,9
881,0.28,0.952921,0.89515,0.923132,9
882,0.35,0.952918,0.895328,0.923226,9
883,0.23,0.952915,0.894787,0.922936,9
884,0.26,0.952902,0.894942,0.923013,9
885,0.34,0.952883,0.895375,0.923235,9
886,0.38,0.952879,0.89552,0.92331,9
887,0.33,0.952876,0.895335,0.92321,9
888,0.32,0.952871,0.895335,0.923208,9
889,0.39,0.952843,0.895525,0.923295,9
890,0.4,0.95284,0.895695,0.923384,9
891,0.42,0.952787,0.895869,0.923452,9
892,0.41,0.952778,0.895869,0.923448,9
893,0.44,0.952765,0.896355,0.9237,9
894,0.43,0.952763,0.896135,0.923582,9
895,0.45,0.952711,0.896459,0.923729,9
896,0.46,0.952684,0.896779,0.923886,9
897,0.47,0.952573,0.897042,0.923974,9
898,0.48,0.95239,0.897446,0.924102,9
899,0.49,0.952336,0.897915,0.924325,9
900,0.5,0.952201,0.898519,0.924581,9
901,0.51,0.951986,0.899437,0.924966,9
902,0.52,0.951821,0.900213,0.925298,9
903,0.53,0.951473,0.901382,0.925751,9
904,0.54,0.951207,0.902054,0.925979,9
905,0.55,0.950811,0.903313,0.926454,9
906,0.56,0.950407,0.904081,0.926665,9
907,0.57,0.950037,0.905585,0.927279,9
908,0.58,0.949695,0.906266,0.927472,9
909,0.59,0.949208,0.907609,0.927942,9
910,0.6,0.948883,0.908566,0.928287,9
911,0.61,0.948505,0.909987,0.928847,9
912,0.62,0.948013,0.911443,0.929369,9
913,0.63,0.947686,0.912496,0.929758,9
914,0.64,0.947188,0.913715,0.930151,9
915,0.65,0.94682,0.91452,0.93039,9
916,0.66,0.94627,0.915693,0.93073,9
917,0.67,0.945907,0.916353,0.930895,9
918,0.68,0.945437,0.917281,0.931146,9
919,0.69,0.945011,0.917915,0.931266,9
920,0.7,0.944477,0.919126,0.931629,9
921,0.71,0.943948,0.919865,0.931751,9
922,0.72,0.943525,0.920637,0.931941,9
923,0.73,0.942959,0.921267,0.931987,9
924,0.74,0.942583,0.922011,0.932183,9
925,0.75,0.941974,0.923066,0.932424,9
926,0.76,0.941638,0.923788,0.932628,9
927,0.77,0.941086,0.924521,0.93273,9
928,0.78,0.940651,0.924901,0.93271,9
929,0.79,0.940022,0.925726,0.93282,9
930,0.8,0.939643,0.926348,0.932948,9
931,0.81,0.939201,0.926917,0.933018,9
932,0.82,0.938722,0.927725,0.933191,9
933,0.83,0.938392,0.928265,0.933301,9
934,0.84,0.937526,0.929008,0.933247,9
935,0.85,0.936984,0.929643,0.933299,9
936,0.86,0.936052,0.93018,0.933107,9
937,0.87,0.935074,0.930691,0.932878,9
938,0.88,0.933128,0.931662,0.932395,9
939,0.89,0.930896,0.932417,0.931656,9
940,0.9,0.924549,0.933755,0.929129,9
941,0.91,0.913343,0.93557,0.924323,9
942,0.92,0.900841,0.937131,0.918628,9
943,0.93,0.86686,0.940938,0.902381,9
944,0.94,0.826421,0.943538,0.881105,9
945,0.95,0.722831,0.947959,0.820227,9
946,0.96,0.612655,0.952082,0.745554,9
947,0.97,0.384386,0.957702,0.548589,9
948,0.98,0.216834,0.958343,0.353651,9
949,0.99,0.0363532,0.942969,0.0700075,9
